"0","vars_for_table <- colnames(data_surv_new%>%select(ends_with(""Cat0"")))"
"1","[38;5;232mAdding missing grouping variables: `USUBJID`[39m
"
"0","                          "
"0",""
"0","data_surv_new%>%select(ends_with(""Cat0""))%>%summary()"
"1","[38;5;232mAdding missing grouping variables: `USUBJID`[39m
"
"1",""
"1","   USUBJID         "
"1","    SexCat0  "
"1"," MutationCat0"
"1","                  medHist1Cat0"
"1","                     medHist2Cat0"
"1","
"
"1"," Length:80         "
"1"," –ú—É–∂—Å–∫–æ–π:43  "
"1"," –ù–µ—Ç :67     "
"1"," –ù–µ—Ç                    :43   "
"1"," –ù–µ—Ç                       :63   "
"1","
"
"1"," Class :character  "
"1"," –ñ–µ–Ω—Å–∫–∏–π:37  "
"1"," –î–∞  : 9     "
"1"," –≥–∏–ø–µ—Ä—Ç–æ–Ω–∏—á–µ—Å–∫–∞—è –±–æ–ª–µ–∑–Ω—å:37   "
"1"," –∏—à–µ–º–∏—á–µ—Å–∫–∞—è –±–æ–ª–µ–∑–Ω—å —Å–µ—Ä–¥—Ü–∞:17   "
"1","
"
"1"," Mode  :character  "
"1","             "
"1"," NA's: 4     "
"1","                              "
"1","                                 "
"1","
"
"1","                   "
"1","             "
"1","             "
"1","                              "
"1","                                 "
"1","
"
"1","                   "
"1","             "
"1","             "
"1","                              "
"1","                                 "
"1","
"
"1",""
"1","                                   medHist3Cat0"
"1","                                   medHist8Cat0"
"1","
"
"1"," –ù–µ—Ç                                     :67   "
"1"," –ù–µ—Ç                                     :70   "
"1","
"
"1"," —Ö—Ä–æ–Ω–∏—á–µ—Å–∫–∞—è –æ–±—Å—Ç—Ä—É–∫—Ç–∏–≤–Ω–∞—è –±–æ–ª–µ–∑–Ω—å –ª–µ–≥–∫–∏—Ö:13   "
"1"," –°–î –∏–ª–∏ –Ω–∞—Ä—É—à–µ–Ω–∏–µ —Ç–æ–ª–µ—Ä–∞–Ω—Ç–Ω–æ—Å—Ç–∏ –∫ –≥–ª—é–∫–æ–∑–µ:10   "
"1","
"
"1","                                               "
"1","                                               "
"1","
"
"1","                                               "
"1","                                               "
"1","
"
"1","                                               "
"1","                                               "
"1","
"
"1",""
"1","                 medHist9Cat0"
"1","                 medHist10Cat0"
"1","                PulHypSymp2Cat0"
"1","
"
"1"," –ù–µ—Ç                   :70   "
"1"," –ù–µ—Ç                    :66   "
"1"," –ù–µ—Ç                    :30    "
"1","
"
"1"," –•–ë–ü 3–ê —Å—Ç–∞–¥–∏–∏ –∏–ª–∏ –≤—ã—à–µ:10   "
"1"," –§–ü –∏–ª–∏ –¢–ü (–ª—é–±–∞—è —Ñ–æ—Ä–º–∞):14   "
"1"," –ø–æ–≤—ã—à–µ–Ω–Ω–∞—è —É—Ç–æ–º–ª—è–µ–º–æ—Å—Ç—å:50    "
"1","
"
"1","                             "
"1","                              "
"1","                               "
"1","
"
"1","                             "
"1","                              "
"1","                               "
"1","
"
"1","                             "
"1","                              "
"1","                               "
"1","
"
"1",""
"1","              PulHypSymp3Cat0"
"1","       PulHypSymp4Cat0"
"1","               PulHypSymp5Cat0"
"1"," PulHypSymp6Cat0"
"1","  PulHypSymp8Cat0"
"1","
"
"1"," –ù–µ—Ç                  :51    "
"1"," –ù–µ—Ç           :59    "
"1"," –ù–µ—Ç                   :70    "
"1"," –ù–µ—Ç   :52      "
"1"," –ù–µ—Ç      :44    "
"1","
"
"1"," –±–æ–ª–∏ –≤ –æ–±–ª–∞—Å—Ç–∏ —Å–µ—Ä–¥—Ü–∞:29    "
"1"," –≥–æ–ª–æ–≤–æ–∫—Ä—É–∂–µ–Ω–∏–µ:21    "
"1"," —Å–∏–Ω–∫–æ–ø–∞–ª—å–Ω—ã–µ —Å–æ—Å—Ç–æ—è–Ω–∏—è:10    "
"1"," –∫–∞—à–µ–ª—å:28      "
"1"," –æ—Ç–µ–∫–∏ –Ω–æ–≥:36    "
"1","
"
"1","                             "
"1","                      "
"1","                              "
"1","                "
"1","                 "
"1","
"
"1","                             "
"1","                      "
"1","                              "
"1","                "
"1","                 "
"1","
"
"1","                             "
"1","                      "
"1","                              "
"1","                "
"1","                 "
"1","
"
"1",""
"1"," CHFDecompensationCat0"
"1","    CPTECat0 "
"1","   CTBPACat0 "
"1"," ECHOCGTricRegCat0"
"1"," ECHOCGPericEffusCat0"
"1"," EnoxaparinCat0"
"1"," WarfarinCat0"
"1","
"
"1"," –ù–µ—Ç :42              "
"1"," –ù–µ—Ç    :51  "
"1"," –ù–µ—Ç    :41  "
"1"," I   : 6          "
"1"," –ù–µ—Ç :52             "
"1"," –ù–µ—Ç:56        "
"1"," –ù–µ—Ç:56      "
"1","
"
"1"," –î–∞  :36              "
"1"," –î–∞     :20  "
"1"," –î–∞     :28  "
"1"," II  :38          "
"1"," –î–∞  :18             "
"1"," –î–∞ :24        "
"1"," –î–∞ :24      "
"1","
"
"1"," NA's: 2              "
"1"," –ù–µ –∑–Ω–∞—é: 6  "
"1"," –Ω–µ –∑–Ω–∞—é: 5  "
"1"," III :25          "
"1"," NA's:10             "
"1","               "
"1","             "
"1","
"
"1","                      "
"1"," NA's   : 3  "
"1"," –ù–µ –∑–Ω–∞—é: 1  "
"1"," IV  : 5          "
"1","                     "
"1","               "
"1","             "
"1","
"
"1","                      "
"1","             "
"1"," NA's   : 5  "
"1"," NA's: 6          "
"1","                     "
"1","               "
"1","             "
"1","
"
"1",""
"1"," ApixabanCat0"
"1"," RivaroxabanCat0"
"1"," DiurDrugCat0"
"1"," AntiCoagDrugCat0"
"1","
"
"1"," –ù–µ—Ç:73      "
"1"," –ù–µ—Ç:63         "
"1"," –ù–µ—Ç:35      "
"1"," –ù–µ—Ç:12          "
"1","
"
"1"," –î–∞ : 7      "
"1"," –î–∞ :17         "
"1"," –î–∞ :45      "
"1"," –î–∞ :68          "
"1","
"
"1","             "
"1","                "
"1","             "
"1","                 "
"1","
"
"1","             "
"1","                "
"1","             "
"1","                 "
"1","
"
"1","             "
"1","                "
"1","             "
"1","                 "
"1","
"
"0","                          "
"0","length(vars_for_table)"
"1","[1]"
"1"," 26"
"1","
"
"0","univ_formulas <- sapply(vars_for_table[2:13], function(x) as.formula(paste('Surv(Time_to_decreaseCox, Event_decreaseCox)~', x)))"
"0",""
"0","univ_models <- lapply(univ_formulas, function(x){coxph(x, data = data_surv_new)})"
"0",""
"0","forest_model(model_list = univ_models, covariates = vars_for_table, merge_models =F)"
