"1","
<!-- rnb-source-begin eyJkYXRhIjoiYGBgclxuc2V0cyA8LSBsaXN0KFxuICBcIlRyYW5zbHVtaW5hbCBiYWxsb29uIGFuZ2lvcGxhc3R5XCIgPSB3aGljaChkYXRhX3N1bW1hcnkkQlBBc3ViZmwpLFxuICBcIlB1bG1vbmFyeSB0aHJvbWJvZW5kYXJ0ZXJlY3RvbXlcIiA9IHdoaWNoKGRhdGFfc3VtbWFyeSRUUEVzdWJmbCksXG4gIFwiUEFIIHRoZXJhcHlcIiA9IHdoaWNoKGRhdGFfc3VtbWFyeSRMQUdzdWJmbClcbilcblxuIyDQn9C+0YHRgtGA0L7QtdC90LjQtSDQtNC40LDQs9GA0LDQvNC80Ysg0JLQtdC90L3QsFxudmVubl9jb3VudHMgPC0gYyhcbiAgXCJUcmFuc2x1bWluYWwgYmFsbG9vbiBhbmdpb3BsYXN0eVwiID0gc3VtKGRhdGFfc3VtbWFyeSRCUEFzdWJmbCksXG4gIFwiUHVsbW9uYXJ5IHRocm9tYm9lbmRhcnRlcmVjdG9teVwiID0gc3VtKGRhdGFfc3VtbWFyeSRUUEVzdWJmbCksXG4gIFwiUEFIIHRoZXJhcHlcIiA9IHN1bShkYXRhX3N1bW1hcnkkTEFHc3ViZmwpLFxuICBcIlRyYW5zbHVtaW5hbCBiYWxsb29uIGFuZ2lvcGxhc3R5JlB1bG1vbmFyeSB0aHJvbWJvZW5kYXJ0ZXJlY3RvbXlcIiA9IHN1bShkYXRhX3N1bW1hcnkkQlBBc3ViZmwgJiBkYXRhX3N1bW1hcnkkVFBFc3ViZmwpLFxuICBcIlRyYW5zbHVtaW5hbCBiYWxsb29uIGFuZ2lvcGxhc3R5JlBBSCB0aGVyYXB5XCIgPSBzdW0oZGF0YV9zdW1tYXJ5JEJQQXN1YmZsICYgZGF0YV9zdW1tYXJ5JExBR3N1YmZsKSxcbiAgXCJQdWxtb25hcnkgdGhyb21ib2VuZGFydGVyZWN0b215JlBBSCB0aGVyYXB5XCIgPSBzdW0oZGF0YV9zdW1tYXJ5JFRQRXN1YmZsICYgZGF0YV9zdW1tYXJ5JExBR3N1YmZsKSxcbiAgXCJUcmFuc2x1bWluYWwgYmFsbG9vbiBhbmdpb3BsYXN0eSZQdWxtb25hcnkgdGhyb21ib2VuZGFydGVyZWN0b215JlBBSCB0aGVyYXB5XCIgPSBzdW0oZGF0YV9zdW1tYXJ5JEJQQXN1YmZsICYgZGF0YV9zdW1tYXJ5JFRQRXN1YmZsICYgZGF0YV9zdW1tYXJ5JExBR3N1YmZsKVxuKVxuXG4jINCf0L7RgdGC0YDQvtC10L3QuNC1INC/0YDQvtC/0L7RgNGG0LjQvtC90LDQu9GM0L3QvtC5INC00LjQsNCz0YDQsNC80LzRiyDQktC10L3QvdCwXG5wbG90KGV1bGVyKHZlbm5fY291bnRzKSxcbiAgICAgZmlsbHMgPSBjKFwiI0E5RDZFNVwiLFwiI0Y0QTRBNlwiLFwiI0E4RDVCQVwiKSwgICAjINCa0YDQsNGB0L3Ri9C5LCDRgdC40L3QuNC5LCDQt9C10LvQtdC90YvQuVxuICAgICBsYWJlbHMgPSBsaXN0KGZvbnRzaXplID0gMTQpLCAgIyDQoNCw0LfQvNC10YAg0L/QvtC00L/QuNGB0LXQuSDQs9GA0YPQv9C/XG4gICAgIHF1YW50aXRpZXMgPSBsaXN0KGZvbnRzaXplID0gMTIsIGNvbCA9IFwiYmxhY2tcIiksICAjINCn0LjRgdC70LAg0LLQvdGD0YLRgNC4INC00LjQsNCz0YDQsNC80LzRi1xuICAgICBlZGdlcyA9IGxpc3QoY29sID0gXCJibGFja1wiKSAgIyDQp9C10YDQvdGL0LUg0LPRgNCw0L3QuNGG0Ysg0LrRgNGD0LPQvtCyXG4pXG5gYGAifQ== -->

```r
sets <- list(
  \"Transluminal balloon angioplasty\" = which(data_summary$BPAsubfl),
  \"Pulmonary thromboendarterectomy\" = which(data_summary$TPEsubfl),
  \"PAH therapy\" = which(data_summary$LAGsubfl)
)

# Построение диаграммы Венна
venn_counts <- c(
  \"Transluminal balloon angioplasty\" = sum(data_summary$BPAsubfl),
  \"Pulmonary thromboendarterectomy\" = sum(data_summary$TPEsubfl),
  \"PAH therapy\" = sum(data_summary$LAGsubfl),
  \"Transluminal balloon angioplasty&Pulmonary thromboendarterectomy\" = sum(data_summary$BPAsubfl & data_summary$TPEsubfl),
  \"Transluminal balloon angioplasty&PAH therapy\" = sum(data_summary$BPAsubfl & data_summary$LAGsubfl),
  \"Pulmonary thromboendarterectomy&PAH therapy\" = sum(data_summary$TPEsubfl & data_summary$LAGsubfl),
  \"Transluminal balloon angioplasty&Pulmonary thromboendarterectomy&PAH therapy\" = sum(data_summary$BPAsubfl & data_summary$TPEsubfl & data_summary$LAGsubfl)
)

# Построение пропорциональной диаграммы Венна
plot(euler(venn_counts),
     fills = c(\"#A9D6E5\",\"#F4A4A6\",\"#A8D5BA\"),   # Красный, синий, зеленый
     labels = list(fontsize = 14),  # Размер подписей групп
     quantities = list(fontsize = 12, col = \"black\"),  # Числа внутри диаграммы
     edges = list(col = \"black\")  # Черные границы кругов
)
```

<!-- rnb-source-end -->
"
"0","```r
sets <- list(
  \"Transluminal balloon angioplasty\" = which(data_summary$BPAsubfl),
  \"Pulmonary thromboendarterectomy\" = which(data_summary$TPEsubfl),
  \"PAH therapy\" = which(data_summary$LAGsubfl)
)

# Построение диаграммы Венна
venn_counts <- c(
  \"Transluminal balloon angioplasty\" = sum(data_summary$BPAsubfl),
  \"Pulmonary thromboendarterectomy\" = sum(data_summary$TPEsubfl),
  \"PAH therapy\" = sum(data_summary$LAGsubfl),
  \"Transluminal balloon angioplasty&Pulmonary thromboendarterectomy\" = sum(data_summary$BPAsubfl & data_summary$TPEsubfl),
  \"Transluminal balloon angioplasty&PAH therapy\" = sum(data_summary$BPAsubfl & data_summary$LAGsubfl),
  \"Pulmonary thromboendarterectomy&PAH therapy\" = sum(data_summary$TPEsubfl & data_summary$LAGsubfl),
  \"Transluminal balloon angioplasty&Pulmonary thromboendarterectomy&PAH therapy\" = sum(data_summary$BPAsubfl & data_summary$TPEsubfl & data_summary$LAGsubfl)
)

# Построение пропорциональной диаграммы Венна
plot(euler(venn_counts),
     fills = c(\"#A9D6E5\",\"#F4A4A6\",\"#A8D5BA\"),   # Красный, синий, зеленый
     labels = list(fontsize = 14),  # Размер подписей групп
     quantities = list(fontsize = 12, col = \"black\"),  # Числа внутри диаграммы
     edges = list(col = \"black\")  # Черные границы кругов
)
```"
"1","
<!-- rnb-plot-begin eyJoZWlnaHQiOjQzMi42MzI5LCJ3aWR0aCI6NzAwLCJzaXplX2JlaGF2aW9yIjowLCJjb25kaXRpb25zIjpbXX0= -->

<img src=\"data:image/png;base64,iVBORw0KGgoAAAANSUhEUgAAA2sAAAIcCAIAAADnh6EKAAAACXBIWXMAABJ0AAASdAHeZh94AAAgAElEQVR4nO3dXVRUd57v/y+95jL3mqDETgu9jqAp4yQOsBin0eMIiS6ireQoHLpNRNMmgSTtA6fTCabNAbVNQ9JOUBOnORBPwJiwYhoc/8j8bRZFNGOsKNCrKWMbFJX73HMu9q5dux6ph121n96vlQuo2rX3r0qCH7/f3++3c2ZnZwUAAABI2I/MHgAAAABshgQJAACA5JAgAQAAkBwSJAAAAJLzD2YPAABMlpOTk+lLsGYRgMOQIAE4VoLR8JPxC1YYCSkTgI3k8DsLgDNEprQsREMDPVe4Vv8tv5wBWBkJEoCN6VOjvfLinPSBkl/UAKyGBAnAZhycGmMhTQKwGhIkAKsLa0+7JDXGEtbsVvCbHECWkSABWJELC43pYA4lgCwjQQKwEC04khrToQVKfsMDyBASJADzERwzhCgJIENIkADMQZ86m4iSAIxFggSQVZQbzUWUBGAIEiSAbCA4Wg1REkA6SJAAMojgaH1KlOTvAgBJIUECMB7B0XbIkQCSQoIEYBiCo92RIwEkiAQJwABKdiQ4OgNTJAHMiQQJIC1kRwcjSgKIhQQJIEVkR/eguw0gDAkSQHKY7Oha5EgAGhIkgERRdISQIwGICAkSQCLIjghDjgRcjgQJIB6yI+IgRwKuRYIEEB3ZEQkiRwIuRIIEEI7siBSQIwFXIUECCCI7Ik3kSMAlSJAARMiOMBQ5EnA8EiTgdmRHZAg5EnAwEiTgXmRHZAE5EnAkEiTgUjk5OWRHZA05EnAYEiTgRsRHmOK5wrX8pQM4AwkScBc61zAXxUjAGUiQgItQeoRFkCMBuyNBAq5A6REWRI4E7IsECTgc2REWx+RIwI5IkIBjkR1hFxQjAdshQQLOxJRH2A7FSMBGfmT2AAAYj/gIO/pk/IJSOAdgfdQgAUehcw27oxIJ2AIJEnAOSo9wBqZFAtZHggQcgvgIh6EYCVgZ8yABJyA+wnmYFglYGTVIwN6Y+AhnoxIJWBMJErAxSo9wA6ZFAhZEggTsivgIV6EYCVgK8yABWyI+wm2YFglYCjVIwGaY+Ag3o6MNWAQJErATSo+A0NEGLIAECdgG8RHQUIwEzEWCBOyB+AhEohgJmIUECVgdEx+BOAiRgClIkIClUXoE5kSIBLKP3XwA6yI+Aolgox8g+0iQgEURH4HEESKBLCNBAlZEfASSRYgEsol5kIDlEB+BlLHLD5AdJEjAWoiPQPpYWwNkGl1swEKIj4Ah6GgDmUaCBKyC+AgYiBAJZBRdbMB87BkOZAjtbCBDSJCAySg9AhlFiAQygS42YCbiI5BptLOBTCBBAqYhPgLZQYgEDEeCBMxBfASyiRAJGIsECQBwBUIkYCASJGACCpCAKQiRgFFIkEC2ER8BExEiAUOQIIGsIj4CpiNEAukjQQLZQ3wELIIQCaSJBAkAcCNCJJAOEiSQJRQgAashRAIpI0EC2UB8BKyJEAmkhgQJZBzxEbAyQiSQAhIkkFnER8D6CJFAskiQQAYRHwEAjkSCBDKF+AjYCGVIICkkSCAjiI+A7RAigcSRIAHjER8BmyJEAgkiQQIGIz4CtkaIBBJBggQAAEBySJCAkShAAg5AGRKYEwkSMAzxEXAMQiQQHwkSMAbxEXAYQiQQBwkSMADxEQDgKiRIAACiowwJxEKCBNJFARJwMEIkEBUJEkgL8REA4EI5s7OzZo8BsCvio6sNtz23qz/qMwWeJXnrtq2vfXJeAi8s2P+nt2sfiXLY1OdvVnwwKSJSuX+80RPzJNGenVP8kyPCc4Vr+esS0KMGCQAGm/RNDLb+pmHb5zPRnvVdDMmdk+cvRz3MUPd8XW0DUxm/jIPRywbCkCCBFFGAxBx8Hxzruhfx6Nf/dSbssEvfZDLbzQx//uG2X7S23s7gNQC4DwkSANLjebF9/MIngf/aO14sCDwTpb44PDKoflW5ZrPyxUTnqa8zNrivz+36YNCXsdO7CWVIQI8ECaSCAiRimVf27Nsdleo3vu/vhz4bbGFvLn1hdeCwMyNkPAD28g9mDwCwH+Ij5vDoowUikyIit+9PiSdPeyLYwl6z+kkpkzXSPygi0v9fw42eMoNH4Wte2xrsmE90VqztjL5w556vq/ez8/2TSoz1VNbt2lJRFr64Z2b483MdlwZ9EyIisqRg86qN25/VvTWZ6WpsaJ0QkYL9f9r43eHWMxPK2fa3NCqHzQy3HesIXEVEPEvW7Nr7gu5C+jPsXnT5XEegeqo/MsYaIO21svmdT5qfTP7TSohShmRJDSDUIAHAeN9/P6l+tehhXcbSt7D/sUxEnvxHtZEtgxcz18iOr/+zbb9obdUFO19/565fvBk6g3Omq7Fh1weB+CgiE5NnPmitaPxwOMoZJ1t/ocZHkYJ1pUp89DWvbdilu4qI+CYGd/3iueZob/z84QZ98903MagNKW9lsRob+/8rePV735xXr7hmdabio4JeNqAgQQLJoQCJ+GaGP39T26zH8+jDuqf0LWwlBXkSamT3txaufS7svxgbCel5mi98Mv7OGvW7JXUDFz4ZvxC5c9Ckb0ldx58+Gb/wyfif9u9foj7Y2hscz3CbWt6Tyv0D+rmeE4O72qIPe/M7ytzQt2ufVM6gVkMDc0bbO+K98UnfhHheDFyrMjCkX3w4LCKPVOxSH9HF7ulp9SxKNM8sQiQgJEggKcRHROH7oEGX7Rp2fRAoQMqaXc/qtoQMbWErykoDCa//sygLt7NhTUdboGf9iKd2W2A8t++rK8TvDXT0B45U+9Hzyp7drWbNqMOu3N8cshdmIDovqWtRP5B5wTeuXUhvSV3Ls4FrNbYHcq0aGbXXaulz6q56jkA0B5BpJEgAyIiCze+8oK+HhbewFcFGdlY2hoy0JPfR+AdEL+/NW7RI+SLKsEMrr6JWQy98Mt5WkXdvZvjrga62Nwt/MyixeVY9oev+a9cKREbtQws0sgPTBgp+khv/zRiFMiTAShogURQgkZglBZ5FxeGLUYKVPJH+1sJoPWjfpW+mnq3Ii3wi/j1p0hQ6UzOSVt6LNezEzHS1HWvtn5z7QBERyV8Qcjuf4MoklWd1pZzpF5HBi1+/UPakVuMsXhXt7j6ZwaoauBwJEkgI8RExeV5s//jZ6Dcw1ExdHp17w56J0Uv3KqLe4dDKfN/fFwl5+2H5L3RVeIGnsnhX6RNlci5+GTK+si11nv5On8iZjwe254pfRMIrlwAyigQJABk3c+lSIuW3ydZeX61l71Kd6h20pz7/TI2PS+oG2gJF1rhrz/13Z0Q3k1Jb2x7sjz/yxLolnb4JkYnRS5fzfCIiBetWzpHjjUYZEm7GPEhgbhQgkZ7gXjOy+Z1PdDewUf8b0G5jo9+hxhqi754jvmZ15dCbSSwA0nXMg83xaELv9Dhz+7b6la66OW/VKuVDm2z9QKll5i2yW/kWsDMSJABkmK6FHX23wmBKM3xjyNxc9cwT09+LiCS/WEe3e86uNt+UiMjMsFZWrNyYRNs9sHB76usPmz6IW5Sd6GzSrtV2TN1LaEnddt2nl/fsxs36l2RjH59ILKmBa9HFBuZAARJp0rWwY6UcrScrcmbE1/ykcY3sRx7OF/GJiAzuWjsoKd2ypaxx/+bbrWcmRPpbK/SLaZas6Uigr5337MbNHyjzICdbf/Fca9jTE9Pfi4TNX9xcueZM2LWkYP/esGVG2noaEfbxAbKNGiQQD/ERadO3sGOmHK0na3gj29P8p7rNS7RvC+IcGu8kbe0dL67x6M7jqdw/0PZCYmU/T/OF9v2V2qULPJX7B/70SUfkxuCa0hfGdcP2VNZ1RN6MUb+bZsZvRRMHZUi4E1OAgXhIkEDWJH9v63sD237R6ZPQNTrmeK5wLX+fwlWoQQIxER8BS9MmmLKPD5B1JEgAgB3dGwgsx8n+Pj6R6GXDbVhJA0RHARKwqKnP36zQL+VOaj04AGOQIAEA9rIgL3CTw4LNL27c/qxFVmGzwThchZ91IAoKkABSwHoauAfzIAEAMAazIeEeJEggHAVIAADiI0ECAGAYypBwCRIkEIICJAAAcyJBAkHERwDpowwJNyBBAgAAIDns5gOoKEDC2YJ3ndZZ03HhhTLtu3u+5sOfnZmYFBFZUrB52+7mJ02/14t9sbMPnI0aJAC4wv3vwuNjqHsD237RqsZHEZmYPPObhm2fz2R+YADsiHvSACIUIOF89+77RTwvtn/8bPSy4nBvp0/EU7m/pdGTJzL19YcVvxn0fXBu+FldkRJJ4BY1cDZqkADgBtPTPpH8BbG60jO3b4vIml2NnjwREcl78oWOShGZun0vSwMEYCskSIACJFxg6u6USMFPcs0eh7uwKBsORoIEABf4/vtJkbxF0x9uW/tc4drnCte+2Rwyx3HeqlUFIoMdbb4pERGZ+vrDjn6RJcWrHjFnwACsjSkacDsKkHCDqAuxRSr3jzd6tGOG247t6p8MPrtkTcfeF8pIkOliUTYciRokADjevW/OT4hIweZ32scvfDJ+4ZOBd+o8ItLf2vy1dsz9i7cnQ141MXVxOssDBWAX1CDhahQg4WJff1j4m8FAGVItUnpe3N/yrLIWe6DpN50+Kdj/p7drKUOmizIknIcaJAC4U26u1sCWr8+1TohU7v/4WW0tdsXH76wRmWzt9Zk1QAAWRoIEAIiIyOZST8j3T/7jZpNG4jgsyobzkCDhXrSw4Rpff1i49rmwG8xMXR71iXgefVh75MxIaLnx6/86k53hAbAfEiQAON6T/7hZxPfBseav1RA59fWHTR9MihSsWzlPO0D6W7d9ru3mM7DtN4MSWZhEiihDwmFYSQP3ogYJF5n6/M2KDybDHgy5yaGysCZMyHY/SBPraeAk1CDhUsRHuEves28PvFO3eUng+yVr9r8Teo/sJ18Y/5PuACnY/GI78RFADNQg4VIkSADZRxkSjkENEm5EfAQAIB0kSAAAACSHBAnXoQAJwCysyIZjkCABAACQHBIk3IUCJAAA6SNBAgCQPTSy4QwkSAAAACSHBAkXoYUNAIAhSJAAAGQVjWw4AAkSAAAAySFBwi1oYQOwDsqQsDsSJAAAAJJDggQAwASUIWFrJEi4Ai1sAAAMRIIEAABAckiQAAAASA4JEgAAczAVEvZFgoTzMQkSAABjkSABAACQHBIkAAAAkkOCBADANEyFhE2RIOFwTIIEAMBwJEgAAAAkhwQJAACA5JAgAQAwE1MhYUckSAAAACSHBAknYxkNAACZQIIEAABAckiQAAAASA4JEo5FCxuAXbCYBrZDggQAAEBySJAAAABIDgkSAAAAySFBAgBgPqZCwl5IkHAmltEAAJA5JEgAAAAkhwQJAIAl0MiGjZAgAQAAkJx/MHsAALLtucK1plyXmakA4BgkSMDhIvNiz/g1U0ZSXbg87BEyJQDYFAkSDuTyhdhhkdGsvBgpciRhmdLNf2oAYC8kSMDerFNiTEHYUClSAspimtnZWbMHAsyBBAnYjGVLjOmjSAkAdkGCBGxAnxqdFBnnFL9ISaAEALOQIAHr0oKjq1JjHFEDJTkSALKPBAlYi2vLjSlQPh+tMEmUBICsIUHCaey4EJvUmA7tEyNKAkDWkCAB09CkNlZklBTSJABkBgkSyDaCY6bpP1jSJGyHDX1gCyRIIHuU7EhwzKaoaZIoCQBpIkECGUfR0SLC2tzkSABIGQkSyCCKjtakX8RNjgSAFJAggYwgO1ofORIAUkaChKNYYSsfsqO9kCMBIAUkSMAwZEf7IkcCQFJIkIAByI7OQI4EgASRIIG0kB2dhxwJAHMiQQIpIjs6GzkSAOIgQQJJIzu6BzkSAKIiQQJJIDu6EzkSAMKQIIFEPVe4luzoZuRIANCQIIG5UXqEhhyJLPhk/EJOTs7s7KzZAwFiIkEC8ZAdERU5EoDLkSCBmGhbIz4tRxIiAbgNCRKIgtIjEtczfo1iJAC3IUECIciOSAFNbQBuQ4IEgmhbIx00tQG4BwkSEKH0COPQ1AbgBiRIuB3ZEYajqQ3A8UiQcDXa1sgcmtoAHIwECZei9IjsUJrahEgADkOChOuQHZFlhEgAzvMjswcAZJXStiY+Ist6xq8p/3QBAGcgQcJFmPUIExEiATgJXWy4BfERpmOjHwCOQYKEKxAfYRFs9APAGehiw/mIj7AaZTIuTW0A9kUNEk7GsmtYGWu0AdgXCRLORHaELRAiAdgUXWw4EFv2wEZoZwOwIxIknIZZj7AdQiQA26GLDachPsKO2OgHgL2QIOEcOTk5Zg8BSB0b/QCwEbrYcIicnJyeiWmzRwGki41+ANgCCRJOQHyEwxAiAVgcCRK2R3yEIxEiAVgZCRL2RnyEgxEiAVgWCRI2RnyE4xEiAVgTCRJ2RXyESxAiAVgQu/nAloiPcBVH3vzQqFjssI8FsAsSJOyH+AgXckaI1KfGG0N9hpxzaYwkavfPCrA4EiRshvgI17JRiIxVXzQqNSZyTpIlkFE5s7OzZo8BSFQi8bF6SS43NoSDWTZEZqK+mAlLy6u0r635SYrIc4Vr+dsZFkcNErZB9REQi1Ui7ZIa9fTj1NcpLfKRAnZBgoQ9EB8Bjbkh0o6pMRbSJJAyEiRsgPgIhMl+iNSCo91TYyxR0yRREoiFBAmrIz4CUWUtRCrZ0anBMSrtzSpRkhwJRCJBwtKIj0AcGQ2Rji86JkJ575QkgUgkSFgX8RGYUyZCpAuLjvGFlSSFKAmQIGFZxEcgQQaGSLJjfNnpbrOVD2yBBAkrIj4CSUkzRNKwThbdbYAECcshPgLZQXBMEwtu4GYkSFgL8RFITVJlSLrVxtKXJMmRcAkSJCyE+AhkwXOFa8mOmUCOhKuQIGEVxEcgTXOWISk9ZgE5Ei6Rw4IvWISBCbJ6SW7P+DVDTgXYTtQQSXY0xdLyKkkyR7IQG3ZBDRKWQAESMEpYJZLsaCLqkXAwEiQAOI0WIpnyaAVajiREwklIkDAfBUggE4iPlnJjqI9iJJyEBAmTER8BY1UXLheRUe8lEVlasooQaR00teEkJEiYifgIGEifHWFZNLXhDD8yewBwr8zFx56JaeWvUsA9qguXj3ovhcXHUe8lZTkwrObGUJ92TyDAjkiQMAfVR8BASnw0exRITmSIZCsf2AgJEiYgPgIGih8fKUNamRIiKUbCjkiQAGBjiVQfCZFWdmOoj4427IiVNMg2CpCAIVg34yTaXj+AXXBXQ2Rb1hIk9zaEg6Uw8bGYnX0sTykV8/cybIEuNrKKAiSQPtbNONgP3adzcnLMHgUwNxIksof4CKQv5fjIbEiLW1pe9UP3aQmESHIkLI4ECcdiV0g4T5rVR0KkXfzQfZpiJCyOlTTIEgqQQDpYN+NCSohkWiSsiQQJAFZn4MTHUe8lbpZtI4RIWBZdbGQDBUggZYavm6GXbS+0s2FNJEhkHPERSFmGll0TIq1GW0YTFWtrYEF0seFkPRPT7AoJ+2LXHmiUfElHG9ZBDRKZRQESSE2m4yNlSDuiow3rIEECgOVQfXSV+C3sMIRIWAQJEhlEARJIQdbiI2VImyJEwgpIkMgUi8RH9hWHvWS5+kiItClCJExHggQAq6B57UJJtbAB6yBBIiMsUoAEbMSs+EgZ0qYoQ8JcJEgAMB/VR6SAEAkTkSBhPKsVIJkKCYszPT5ShrQvQiTMQoIEEOZOf3NddeHy6sLl1dvqTg7fiTzA11z3W+WAwrrfNo88MGGQzmF6fFQQIk1hyCRIQiRMQYKEwaxWgESSRk5u29B55rr6ne/64K4Nv+3Sh8g7/ds2tJy5Pql+e33yzEsN204TIlNjkfgIuyNEIvtIkHAFGtkJetB1YtAnsvmP7ePXesavtXfsKRCZbH2jfypwxHBnp0/Es6lp4FrP+LWegT+uERHfkXPDJo7arqwWHylD2hohEllGgoSRKEDa3J1vzl8X2dTUXDpfRETml23dvX+ZyPXp79UjHtz2i8iaXW948kREJK90R8cmEZm6HdnsRjxWi4/IPsP38SFEIpv+wewBALCOhZUfX6s0exBuYNn4OOq9tLRk1Y2hPrMHMqdv3i5/W1r63lwZ8ujU2X1PH/tb2KGbIw4DkD5qkDCMxQuQNLJT8GD44LHW6+LZs75MfWT+qn8tEBnsOOhT+tpTIyc7zoosK1610Lxhwm3ud7/89ploT3z/fXh8dBvKkMgaapAAonjQVdfQel1ExLOn6eOt87Un8rbu7rh1bNfZloqzgYeWrek4WJlnwiBtyrIFSIXly5D3u19+8dB49Ke+/7tI4fN/fn+99X8euRUN7I4aJIxh8QIkUlDgWSYi4jvSErLU+s6Di/7JkAOvT12cEiTG4vHR4qYu/1tt+YuHxn/qKfxptOfv3xoX+XGu9eNjRlGGRHaQIOEiNLITN7+283cfd/aMf9G0f5n4jjQ0jyiPP+h6o+XMdfHs0dZi13lk8sxLoTv+IDq7xEerLsq+/5fuC77Ctf/Wdeidf4n2/PS0X8Tz6MNZHpYFESKRBSRIGIACpHMt9NQerPOInPlPn4jIyLnW6yKbmj7eqq3Frvz4j2tEJls7faYO1PrsEh8t7OF/3v/Bjfd/VZYb4/m7d3wi+Qvuv/1y1dLyqqXlVbXvnrNmeTwLLWxCJDKNBAkgvoWP5Ic+sPlnnpDvS5/cnMXh2BPx0RB5ufHqi1N3vxeRM01vnwnMkvR9+dHT5f/m2r1KCZHIKBIk0mWvAiSN7LhGThYurw6/wczI12GrXtV6ZOwDYH9WbWTHcf8v///fRMTzzJt/Huq7MdR3o+vNfYUicuFX735j9thMQ4hE5pAgAWhKn9wsyqxHNUROjfRve2lQtLqjUm4827LttLabT+gBiIICZFY8XPN+342hvq7XnlBX0uQ+UfP+m5tF5MuvLFWGZBU2nIHdfJAWexUgMSdP8x/XnHlp8MxLDfqyomdPe3NpyAG+Iy0VR3RHbGoKHADHsPy2Pol4+LFCkehb/7iFUoacnZ01eyBwGmqQcB0a2XGV7hj4Y93mZYFvlxVs/mO7fj9IKd0x/oXuACnYvKd9/A0KkLFQgATgSNQgAYTKK61sLq1sjnPEwsrmzrgHwCFsVYb85u3yt8+EbSc+/V//MS5SuPBRE8cVypQWNmVIZAI1SKTOvi1sypDIDgqQWfTEz54RGf/oN+9+o+7gM/3N260f+UQ8//KPLt9jHMgEapAAkBHOiI82KkOWVT/v+fIj35dvP/2l7tHC59/ZxB7jlCFhPGqQSJF9C5AKypCA0+Su7+p6c98z2g0Pf7p595uWuke2uauw2dkHxqIGCQDGc0YBUmHBMmTepkM3NkV7IveJmteeqHkt2+MBXIgaJNyLMiSArLHCNpCUIWEgEiRSYfcWNpBRTipAAkBUJEgAwBxseJNDa7FCAVJBGRJGIUEiaU4qQNLIhuEoQAJwAxIkABjGwfGRMmTKrFOAVFCGhCFIkAAAuAshEukjQSI5TmphK2hkwygOLkAiZVYrQAJGIUECAOA6lCGRJhIkQBkSBqAAiUgUIOFgJEgkwXktbACJYzGNw1CGRDpIkIAIZUikhwIkIlGAhLORIAEgLcRH2BdlSKSMBIlEOb6FTRkSAIAEkSABIHVuK0AyFTJBNmphU4ZEakiQSIjjC5AKypAAACSCBAkASAJlyDnZqACpoAyJFJAggRCUIZE4t7WwAUBDggTCESIBpMx2BUgFZUgkiwSJublkEiSABNHIBkCCBKKgDIk50cJGJJsWIIEUkCABADCA3eMjjWwkhQQJREcZEnFQgKSRDbgcCRIAgHTZvQCpoAyJxJEgMQc3L6OhDAkgEc6Ij0BSSJAAkBxa2ABAgkQ8bi5AKihDArEwFVLhsAIkjWwkiAQJAACA5JAggTlQhgQQi8MKkEDiSJAAkAQmQQKAkCARB5MgNZQhAURyagGSqZBIBAkSAAAAySFBAgmhDAmhhR3BzcuxnVqABBJEggQAAEBySJBAoihDAlA4vgDJVEjMiQQJJIEQCcDx8RFIBAkS0bEQOxZCpGsxCRIANCRIAEDq3LaYhgIkoCBBAkmjDAm4k6viI1MhER8JEkgFIRIA4GYkSCBFhEhXYRIkXFWABOZEggRSR4gEXIL4CIQhQSIKFmIDgMa18ZGpkIiDBAmkhTIk4Lbl2ACEBAmkjxDpeEyCdDPXFiCB+EiQgAEIkciK6dHDu4tLVhWXrCqu331olKkmGUd8BGIhQQLGIEQiw6Z76re+1jemfjc21vf61vrDl00dksMRH4E4SJAAYAN3ev5325hI0fp3ey+Nei+N9h5uLJIbfXsPjZo9MociPgLxkSABw1CGRMZMey+OiRQ1vvnr4gUiIrJgZfWJw1UifcOUIQGYgAQJGIkQicy4e3tMpOhnJQv0Dy5YVCRy884dswblXBQggTmRIAGDESKRKYsXLox8cOz23eyPxNGIj3psCYlYSJCA8QiRyIi+4dBJj3dvj8U4EqkiPgIJIkECgPWt/OcqETn3Wv2no0rJ8e7lnvq9feYOynGIj0DiSJAIxy0NDUEZEsYq3nu4SkTG3n9ty6riklXFW/a2ja2v4kYwAExCggQyhRAJQ63c13u4sapI+WZp1cvv9v6PRTfNHVKQA25sSAESSMo/mD0AwMl6Jqarl+T2jF8zeyBwhAUrq/eurN6rfX/5L2MiRYsWxHkJEkN8BJJFDRLILCqRdmeNm2JP99SvKi7Z3aNfdz063CeydHVxlAXaSAbxEUgBCRIArC+3ZHWRyFjb6cvK7o93Rj+tf/2cSNHq0lyTh2ZzxEcgNXSxgYyjl430Laz+n1Xte/v69m7RLcBe2vC/qulhI8OULSFnZ2fNHgishRokkA30spG2kJU0UrS+8ejpE9UUINNCARJIGTVIIEuoRCJd4StpkBbiI5AOapBA9lCJBCyC+AikiQQJZBUhEjAd8RFIHwkSyDZCJGAi4vbKQW8AACAASURBVCNgCBIkYAJCJGAK4iNgFBIkYA5CJJBlxEfAQCRIwDSESCBriI+AsUiQAACHIz4ChiNBAmaiDAlkGvERyAQSJGAyQiSQOcRHIENIkID5CJFAJhAfgczhroaAJSj3PBQRbnsIGIL4CGQUNUjAKnompilGAoYgPgKZRoIErIUQCaSJ+AhkAQkSsBxCJJAy4iOQHcyDBKyIaZFACoiPQNaQIBFudnY2JyenZ2La7IG4nfJHUL0klxAJ6ysuWXVjqM/EASwtrxIR4iOQNSRIwNKUYiQhEoiD0mNGPVSzdXZ21uxRwHKYBwlYHdMizdUzfq24ZJXZo0BMxEfAFCRIwAYIkUBUxEfALHSxAXugnQ3oMfERMBcJErANQiSgoPQImI4uNmAntLMB4iNgBdQgAZthq0i4GfERsAgSJGA/2laRQo6EazDxEbAUEiRgV2w5Dveg9GgWNoNELMyDBOyNmZFZwJaQ5iI+AhZEDRKwPWZGwsGIj4A1kSARBbfGth062jBRhm6KzcRHwMpIkIBzsGEkHIPSoxUwCRJxMA8ScBSmRcIBiI+A9VGDBJyGaZGwLzrXgF2QIAEHYlokbIfsCNgLCRLRsZjGAZgWiSwwZBkNbWsLYhIk4iNBAk5GR9soPePXiguXj3ovmT0Qp6H0CNgUCRJwOFd0tIcPVu86G/WZAs+yvHX162tL56d46pGThS8NiogsS3VwLjN9rrb2I5+IyNp/G/pVWdxjzS093jr/1rJuv4hI+d4ftnvMGkbKLpzaunFIROw6ftgda7EBV1DWaLtwmfak7/pg60sN204/MHskDjUtIt3Jz3ZZWl5F59rCZi6c/8jsMSTi5kD7zvabZo/CrUiQgFv0TEy7d68f35FjXXfMHoTT3Bn99FD91hReqGRH4qM13fp24JUDr27svtjmt/QkyJsD7TtL8ysbx8weiHvRxQbcxeEzIz172j/eqjWsHwyfPrbryKSIiEyeH35QuzXVXraISN3AteISpkJqLp9+/f1kV9Aw69HyfG1Huk6ZPYgEDBypbDxh9iBcjgSJmFiO7VTazEhxao4MmF+29Xcdt9Qpkr5bD0TSSZCI4aeJHER2BByGLjbgUm5paj/6WIH6lf/elIiITJ3+beHy6sLl1YUHfSGHjpxUH6/rn4pzxume+lXFJauKS34/KtOjPb+vL1G+3X2oZ1pE5O6nh9QDVtXXfzp6N8oZRnt+Xx84prh+96Gey+Et9rufqqet//RO5PGjUf5dd2dUd0y0w+707FZH1TM9enh38MgS7e1EObj48OXIa40eXlVcsjdQgPzbodqqpeVVtWfvRxx4f/jsvylTHkVE8lcf+3ZG//St8289VLP1oZqt5ednLpxSv37owEcXgkfNXDj/UfmBrYGn3nrlvO9WyCVmjqnPfnRBOVg5suatV87PiIjMDLwSeHn5gYELIdfXn8Z3LDiAt175Nupxcw4m8L6+HXjlQOBsNW+Vn4q47syAOs4DA7ciTxvt6re+DR5THvIRxTsy6gljfeyvHNj6UM1hrQDZmJ+Tk5NTqptmeHOgfWdpaY6qtHRn+0DoHMSb7eqzpe03B3YGjizdqR025xmiHhd24MDOnJycykAB0hs5zmRGunNAOVgbq3Kem7qHSgMv1l6Us3Mg2rlCH3Y+apCAqzm8qS0i39+aVL/KfyTP2FP//d/rt94IzsIa62vf+t33RTf6gg/dGHv/tS233/X+ulh76O6n9Vvev6E/zdhY39jevvaixt5j1Qsir/Kfv6t//8ZY6PGvb/2u4fSJ6lztsdHDq14L6yiPjfW9vrWv6vDo3pVhZ7zRvvW1wNdLG15effH9tjEROfeX0V8XqwOd9l5UL1lVFv7yhF34VfmFkAf8F/cduXi25g9D6+aFHXql+9WNga+fWrlirfL8zED5611XQs7gP+U/fKo7/9DRA7vDzzHVeuDVK/7goae6Xx27l39lKPjQFX/Xxtfvfdb9/Nqwl975vPx1f/BCfv+pI6+Ole8d0i9wTngwwSXegeOuDPk3Dn21fc+B9x6XCF+9cKDrSsjh/lNHXh0L/ZQunHprY8gbubjx9amn8iPPplugHXrCU9HWa4d97M/cu3jKL7HcbC/Nb/TqHvB6T3grT/TW948crwg/2NuYXxn4umRLVcXiZM4wsLO08oT+uMCBbf6RhsUxBxhzoOrLG0uivX7sYGm+N3i090Rj/thEiVd3fa+3sTJ/on/2eMXip7eUNHq9InKib+B4hTrmm3/uVQ+ur4r4IByNGiTgdlox0nn1yAfDp3+r7fLjeSz9FnbP+LXiEm3tyNiNsaLG3kuj3tPvVqkP3egbk6qXe72XRnsPBx4795dgce/yoUB8XNpwuNd7adR7+t2GIuVsbVtCqoCBi4zdGCtqPHp61Bt6ofb/Gzx49PdqfCx6udd7adR7qffoevWpvuEo5xSRKuXql05U/7z6l+sDx2rlxru31QC5/p+Lo7y6eO+lUa/2Bn+6r6vvxlBf16aHIw7MP7TnDz90n/6h+w+f1ah550r3lxcijhMRKd97vfv0D92nh9YpQcf3SiCxPVWjPKWdxL/v9Y8iTuK/4s8/dPT0D91/+KxcfejKkF/Ka693n/7h6N7t6mMXv/w24tJ+/5X8WuXq1/esDrz28CvBIxMezLcfBeLj6s+OKiesfUpExH/qSOSYRfz+K37dp6SNXP8pffuRFh+3B4/0X4lMe99+pMbHiLcjQ1fn/NjXbj/9Q7f2QZW0+WdnZ2fVzDWwM5DK6vv9s7Ozs/7+thIREe+JyhiVN/XA2ZGGiiTOcLM9EB9LAifwK8eJt7Gu/aaIVByfnZ3tr486Tt1lStpCryPexvzIoXq9XuUMfu2M3hNeqQ977ETfgIgsbnijXv+9iIj4J1waIEmQAETEMTnSd6RB7UQvry5c3hBYRiMia3altYwmqqUN/6t6gYjkFpcFEpsUNW79+UIRWbDynwMJ67sptZt8p+f/qIXCqsMnqlcuFBHJLa4+FsiF5/69J0p7uurosepipdyYW7z15aXqw3+fCvTHR4fPqZd+8+cLRURkYXFZVcRhOuvf3atcXUREtIO1uHn3znfqtcuiBch4lqqbQYqIbN9zYPfjSiFt3tp1zwaiyZQ/Sgd29WfbPY/pvr91/nO1nVq+d2id8tS8tesOBDLWxdbz4Wd5quZXu+eJyLy1KwKxSfIPPV3xmIjM8zwTCGdj9yMvv/qztyqUqz/2+PPXA2H31FVfkoOZOdZ3MfDen1cqqY89XvGhesIoY5awT+lpJW6K/lO6cFU9p5TvfU87crsW9YICR+Yf2qW9nRVJfewx3Gw/qDaN6/uPKwXFxRUNnWoyO3EwyoY62oHJnUEr6JW0dQZOsFg7ztt4JH6fWH+ZkQbtOiOBJBhlqCVtnQ2LRWRxRVV98LE94Y+NTd4UEdEe0CLkzUn1X1uuC5AkSMQ1OzurtDjhEg7JkREKNv9xR/y9rVPyk7zI/zt+nBelE62I2RrWAuiNi6MRew4VLVqo+27Bwp9EnLd476VR76VR77HqBdN3Ri/39Py+PjhJMZqiRaFj1MJuoFx657ZaKH005puJpG7xeFTLQPk/TTyz5z8S2l2cGbgcqLqtCOm9aunwyuVvwuYgFj0c3tgWycuPfCxS+Qp9X/uxhwPTHdS6XeKDuf839cDVz+ga1toJI8cc/inNe7go/IAZf+BnIvTqwUwcHM/20z90n/6h+8DueTO3vvUdO/9RuW5eYxThH3ss0ctsiwvUwXp7/xyRy5aE9tgTPEOwI1xUoBva4oaRWUVkw1wvZkNZC36RQw25UJzHws8UiJCBdxb+jl2AeZAAwjlosfayAk9+8a66yrKFcx+bmJ7xL6oLN8R8Ojyc6Wmt4dBQKCILFy0VuSEiY7fvioQ+GSeSBt3p+f3v2s/dmPvA6IrL1kvfORHpG768r3ilVtRcXRrvH5BaSD1UW3VIW2c9oxWJEktv0WlRLCKGzn/kKZErIuK/d1NkjvpZogkpxiWSHczM/cCE1Ysbay5KQub8lGJeffEj+SLhnexb5z96ofviFUldlMSpldnkRGVOSlvoJHoGLWimlsdivzx/SYmIV0S8E36ROX4q4l68oqpeTpyQwFzIgT7l7ZRseTqVnzVbI0ECiM6WOTJ0P0iX0C+jWVq0fvUvy0qK5XScMuTiheGBuvh/NBadaxsT6fs/PVsXiFKlKfpZSUIlyL8dOno6Yl1LkhY+nEAv1f4SSb1p0C+jeSp/9aaqFRWPS1ucMqRRH3tkLItTxUvoDIkEPZNU7GkrOdHoFTlxsH1PvijR2I0BkgQJIC5b5sjUTH0fbw8fnTqPdPrmPizCgkVFImMiMnb7jog+nAW6xnFLmDHc/fTf1aioX80dZQueuHJLVhe1jY2JjF0cGf3JmIjI0tXFcSq3xSV7A19monn38E/V+pr/bw9E9PH0wT21wJZafTGqO/dviW46YPglUhjM6igrvlMU8+o374UWIGcGWtX4qF8enspPamz1/XP0kdM8g1YqTE3sSmOaxc0Q2pJsb++f/1ykrPpxY4BkHiSABDh0fmRgh0hFcN+fDMktWa3O+tKtehYJLoWZI7TNRdfv1pbCJGxh6c+UNTo32tU7zUSb5SkiouwTOT50NLVRJmZexcrw5SwKbVnJUyufMKyY5/9qQLfK5Nb9wI+FWqJLeDDzntikHhiy4vvCqa3a/ovJD25efuBnIvTqvi+Hoh0uEtIZDzbW07D46S3KShb9EmR1X8bIvRjTOUOM4xK9VKyXS6DXbEzU0y7jbVTvi5NsydUZSJAAEqXPkTaOknmPBhZKXO88NfJARML2/cmYhdX/M7DqeW+9uov49GjP7kAPev0vq9NZuBZYyn338qG33096TuSCn/+ySv99lH18AtlxZHxoRFdE9f/tgYhI1L21U/aYtnZ76HC5unH3zIXzbwW6tKv3R2wqmQb/vg510+9bwe148g897UlyMPN2V6lra04d+ShwQq00mOKYgwu0hw4H9gafOXYgzhKZwKLvGd8rHV1JzYl8qOawuuxZKeOJMqNBt4tNpbo9+M2B4LLnN+bepTHRM+gyYOA4uTmw82BEAMxfEmWcIZcJbAR+c6C9tDKJoSYgeBn1tK5bhi0idLExJ+5tiDDaD4O2Tt9u3e3S9fuXDbZeFxE581LDGe3xZQWe65PGNv3CrdzX+/J3W96/IXKjfe+Wdv1TRY29v0526xwRJfm9r2TQG+1bi9vDno7omMemracRCd/Hp7hklYiMD41ojxSWV39WLkqEOnVk6ykRibZndRo87x2tHXu964rIle7Dy7r1T+UfOmpUj1hE5Kn8/Cv+ro2vd4U8qO4NlORgHn/+s/KpjUN+kYsbX9cvpsnfvifVMc+r+LDmKyXXnjryqhYcn8rPv+L36w/bX96l/Ilc6X71oe6ws0S04GMoKFL7yOqaF6XtXHG8v36s8oRX5ERlvn4pTEl9f2J97QTPsLhhpH+iNNpxyg49gQC4OPo4peK4v20sv9Er4m2szG/Uv7ykzZ9mC173bgLraURcGyCpQQJIlVKStGN3e35tZ3vHpgIt7XiWrdn/x/bxg6kEuGQt+PkJ7+l3G9Yv1XZtKSqqajjc6416Q5qEFO+91NuwPrBPpCwtWv9u7+nRo5H7hM95Im0XyeB+Q6F1xxBrt//hUHlwUtlTYrR5FUPdf/isZnXw5iv5+dtr9l7vjrwhTXpW/ur6ntrtwausPrQn4sY5CQ9m7fYD1/fUbs/XfTL5qz87GvWGNIl6bN2B0BHmb9/zh6Gq8Jssrd1++nrNau0P4qn81Z8d/cMPgU3Fw1rwsVQc97fVl2jflgQfH/H3t9WX6J4qqe/3R7khTewzJ3aGqMe19ftDJ1DGGqcsbhiZDX29+vJEbmiTMN3ukW4NkJIzOztr9hhgddQgkQhXrLbRqS5cPuq9ZPYojDXdU7+1bUyURTltW8LrjnqF5aXq9j1wiodqthIJEqbdPDHqzRJdgS42AGO4aNW2iCh3OHRYiLw7GtjyfKxty6pY2RGA7uY5rlyGLSIkSCSCqZBInD5HijuipDMoMx0Vnt09H29KtacOe6IAmYyb7XWNrg+QJEgAGWD/1TZuoQ+OARt2zRUfaWHDpbTetcqgxd32RIJEQihDIjXOjpL2bWRrwXF8aESmv2qufV1Zku55pmFX9ZYM3EIccAZtCbiU1Le9safBpYtoRISVNOkY2JlTeWLuw6w9y1Z7E3OP0ugEOXRySe2giMiKuvNfVIavKTRQQhd60LWhoeWqiMiWrp7m8oxdN2vv2roSiJIjJwtfGhQRWVY30JnJT8mAC9lrPU1IcEwVBUjnoYWNFFCDBJBVDqtKJlaGnB7t+b9Tpb9Oeb+eNBkSHAFAjwQJwBwOi5Kx3Bn99PS/v983VtRYmu1LExyRCAqQSA0JMnUVx2dnj+u+D06wTf/e825QvmNieofZg4AVREZJsVWajFuGvHz6dfU201mT0eBICxuAggSJRLGYBpmm/+nSp0mxVaA0CxVHpIACJFJGgswS/e71b0zUVZ7wioiU1Pd3Hq9YLCJyc2Bn3cETXm2TgJKS+jcCz0WeYuRpf/uRg72B4yMPFpGbA/pDREpK6re8saehYs5FPTGLqQOi/r2urQK53b+ttPOaiNQ0TbwoXR+cbemeFBFZsabpvR21i2Tq5Mmm5sFrIiIFy5s3tezwBBcrRFtTMnXyt+uaJ0VkeXP7x//9QdcHZ893TyrJYfmKNbve21G2KGywD4b3HesIHBP7sORMDfWfauvsvZrd6972hb3fdY3ra8vnp3Zk8p9kpLnfY3p/XgXLaza1HJJTuS29IiIFTSO/q1WOHzq5pFZE9D8b+kBZ4BH17tWeZWvW1a+vLdW/9wdddQ2t10WkYP8XuxcNn+s4MqgdvOvgjrKFc75xEXkwfPBYx9ngPbKjvnZqpP/UidEz1ydFRKS4ZNXSqpd/ufXnxYHJjqOHV70WLD+OtW1Z1SaytGq99J27ISKy/l1v8EbYd3p2b2kfExGpOjy6d2UigwzbiIfgCCCbSJDZ5m3Mrwx8XbKlSslzUZZ1e70nKvNPRO+H99aVNnq94QeP6VdTD+wsVVOq/iBv5YnezKwM/+vZbaXBqCFXB1tKp75bMamEMBERmbzW3LLuZtPEIU+010c4d2xb86S+6nTt6uDO0qlgyBAR8TWr4SPssMF01lP723677upk2HW3dP1Od0Ljr6tFMf0Jr9UOtkQs2U78SFVCn2SkJN9jQlcJLngXEZHJa90t6/5akNj9tHsmprX3Hgx2vuuDvpcGW2OspD7/RoPvuu4tXR/ctWFq/xe/q50jRPqal7ecCXvo+uCuDYOb/9jTHJjMOHzwt7vOToYedaPv/df6/rOxN+4drh8tW1107saYiJz7y+ivi9UIOe0N3A1GuyG1XrRdG02IjLSwHYYCJNLxI7MH4Er1/f7Z2dnZ2RFlJ6mBnWp8LGlTHvf3B+7YfqJvIPLlXq/XW9LWH36st/FI4OCb7QfVIqd6xll/f1uJelRd+03j39LVyWsr6s5P90yMNG1RH5rsvSpbmtsnpnvOd61RH+v+ejix8127OnltRd3xkZ6J0HO2fKCFBxnep0ac5c3tE9M9E9Ptx2vUp3r/wyepunZ1MuKEk721J7WRG3/doZOBUFjQ1NWuvOWmFSIicrVz3T5fKkfq3s6cn2SkZN9jYn9eWnxcoxx5vqtu+dXJRLvTcd779c6K5dWF6n/aCyZ918Wzp2ngWs/4tfaOTeqDrRtOxv8hHD6oxkfPnvbxkNfKmf8MvJ07/R1KfFxWN3CtZ/xaz/gXTfuXiYjIWNvbn94REZHivZdGvYer1JcUNfZeGvVeOlG9svqX65WH+oYvB65697YaINf/c7EUl6wK+298aCTyvwQ/OISY8b1y4K2HarY+VLP1oZq3yk/5bkUcceH8R+WBA145H3kAABESpBnq+0P7zQN9gfzYqRYHF1dUBWLh2GS0uFffPxLoRi+u2KNmQ93B/gmt/Oi/qR7W0KllyCNRYmliQ4/9VEHTe5V5IrLIszoQNWRF3fYd80Ukr/zJQKSYun07wWutOf5FpdoDXeTZ3lygPvzXe1PqV76L3epVWnYoTcz5Zf+6JuKw5NU0fayd8FC7mlFk8OJQhq77oKttUPlqS9fv1Gb0Ik/tF4Ec1n2263ayR+rN+UlGSuE9JvznJbKlS+1u55VXfqz962IOc713KWhS8uu00sIOXPVIS8Xy6sLl88veaFcTngxejJe9fBfPiojIsrqWrYH3/rPAIP2BtzM1rUXj75W4uNBTe7BOKbCPvX96NO6bKS5TY2XfcCAj7g20u8+9Fi0vxj0dEjYzUP764VN+f+B7/5Whw8sODOgz4oVTr27svnglcMCp7sPLTqX+D1IrowCJNNHFzrqSJfmhD+jWdN+8OeD/82Rfb2NYAzruKRYHt8gPyF9SojzkbazMb1SmQG6perpzNnM7m+ctWhTx2H97JPW9oFfkPqo/+0/yRMI6hp7m6Z5m5cvbD4ZvfXP7P0bVWZjp2fKv+j77/EX/TeSqiEjvf/iayz3GX/f2N+cDlbnVId1hz+oa6e0Wkcnz/9+D2h3zkzhSb+5PMlLy73HOq9y+F/hbO3Tw5U9ukcGwdnkUSbz39qYVarFzeXN74B8DIetyzrxUfSbm0hxP87XAe7/zYHjqm9v/Odoa3q0Wycv1iPhE5Hrnrg2dIgWeTcXrfvZEy7XOinh7Q0Y0o89tbhlpXily+VBh0xdi7RtS27+FPXOso+uKyFM1ez9c53lMRGZ8r3QcPuXveuH8E0Pr5omIzAy0DonI6s+OPr92npI4u64MfX7sac/ueeYOHrAcEqQl3GzfWTdHatQrKpgjCC5ueKO+UTez0us94fWeaGyMseYmaVfnPkREli+OtgokQQmlzwdd+44ZkhrjeHRxQUTkMvS6t6bVJBMawvSXvnbzgcj8JI7USzHHJ/ke57xK7MEnJKX3nv8T7Vv9NEqRmqaJQ6Frva93VizvnHsYMQ+b9J2d9J3tbBWJMWdRWUkTrCYGIuOZka+aV/7T8MgXIiJStO6fLBofHeH+3/wi5XuH1gX+kTjP896u2rHXu67cuy8yT0Qu/Lnrisj2Pc+vVfLivIqhPfceOnJx3599u7cnNoXbJihAIn10sbMuIv4N7MzJD8THkpL6tv5+/2x/nH5xQiqOz/r72+pLwh/3ek9U5u9MtYttKb7m3IZAxClYXlN3vKt9ItGWqB2vm01ueI89E9M9wTelzOKd7pmY1triEuW9Bw9T53FuWRH15JtbtAb00c3qY0X7u3TN6JXb9heKiMiX/941fff230VEpHD1qlyxJvsXIEXE81736R/CguC8h4tE5M79WyIiM/47IrL6mcd1Bzy+YnvwAABB1CDNdrP9oFor1N+Z2oiIt7ii4XhFw3GRmwMDf+7r6x3TNvY5cbB9T0XyDe2bk2MGDMsgUyfPqq3PkLtOG3Bm/3cPRLczzvc31TqcUlI1/rqP5S4XuSYiV6e/F9FX8sIuncSR6cnIZxt78Gm+PM57j/9HGVVS7z2vvLK5vLJZZGrId+k/vj7/18Frann+THfv9pVb4r7LBav+pah1fExk7PxX3vxxERHPv5S48k7ppvr26ikRWfjwYyJqkTL/kdDfjQ//NF/Ef++myGNmDDATKEDCENQgrUNXnEwzqw3szFGUtt8UkcUVFQ3Hj4+MJF/ZDF3HE1yfU9K5zjqlEl3/dOq71NfPaK6d+0Z3lge3/6p+pWuJGnrdRU+sC1+so9CWnhSs++/zkzvSKAZ+toseCUzeDR380NdzT4KUFN97on+UUcV978P7qpfkVi/Jrd528oGI5JV7ag/t+PiLHm3F+nj7nBfI+6fVSjXMd6xdWfydv4AWdpbNHOu7KJJ/6GlHdajjIz7CKCRI6zhxUNlm5+bAzrrGhOdERqMtz/Y21rUPBELgzcCibynZ8nS8AuTigiL1K2/jEfXlNwfaS8O3rLSIwALkqaGTTc1GzE282tl00jclIvIguAHNirrtYZsgGnbd+bWNapO0t/a3XUMPRERu+7o2BLZjrNkU2FIx8SMNYuRnG1yk31t7clg9bf+22sHEXp7Se7/a2bRP+6M8FvOPMqq4773sxTpl16BrzcfUwYjI7WCcbRqpKFd2jlzwE6VbLWPf3RURCYbR3C27ntGfdMPqhPYRN4EjWthRXDj16j6/PFXzq5BVMmo9UjMvP6FN6AHXoYttNt2iF29jfk5j2NPeCb9I0v3mxQ2d/RP5lSe0xdh6wV2DYqnY01ZyQgmxJyrzg7mxpKTE600r2xonb8emLc1KephsKa1uCXs6tVapiEjB8hWT15pb1jWHPKjuVZSh65bvON88peyV3VLbEHLOFXXn9XuwJ35kGjL02ZYdam/6q5LIB3eWBoLjioJEt4RM/r1vqVnT292yrlv/WPCPMqpE3/uiypau6XW1g1EGI7K8eXftovm104VLcseHRhb9WGRcRORMU+kZEXnm6Phr/6QcWFa6Qb78Qn3VM6vK4n8AMNLMhVOvbhxSFtaErrK+c/+WeHQhUpkc6RAUIGEgapDmqzg+69eteSkpqe/3B9fSRN1TfG6LA0tpdGtpSpRTJ3BLmsUNI/5+3WtLSurb+v2zndoagzb/bNhti7PP0zzd3lQT2HdQCpbXNJ0f0dqIYb3OJKx7r/148xptX+rlNXXHQ26skpHr5u343cRIU1NN8AYty1esaepqn4i4zUziR6YhQ5/t/Nov2o/rTruluen8F5vy470kRNLv/V93TIwEF7tE/FFGleh7zyvfETYYkYLlK9YcH9G2EFKUvdaz/5ki7duQpLtyVWCdjWwu/af4AzOLEwuQM8cOvLpxSJ4q33vdWSusgWzK4Z8jSE1OTk7PPyp6AgAACnxJREFUxLTZo4DtabdPLJjrRosJCt47MZ2bWxqkeklu3P3A73a9XN06LiJF+7uO11pndrGO0xLkjO+V1w+fEnmq5g/h1UeZOXbg1X3+1Z91P782+KDvlZrDp/Jrr79VYfeVNBQgYSxqkEjR7Kz5ZUg4SbRN6Z1u2nt+XEQsvY+PsyjxMX/7nsj4KIEpjxe//Fb3WMhibQBBJEgA2fCga4O6fnnJBnUljcgD7QbcUvOkE6cB9kxMF6pLaiLd7WptV+6XZ9l9fBxWgLxw6vApke17Drz3ePQ7zKxdsVpETh1569iMiIjMDJQfuSgi21fYvtlNARKGYyUNUjc7O0svGwmav2p9QcvVSRGRq7qVNKo1xw1aBmQ9PRPqkprgQ9O922rbdfda3rDLqncydBT1joVy6sjWU2FPaU3qx5//rPzixiH/vte37tOeLd/73uNia8RHZAI1SABZkbfjd+e76ras0C89EVlRsKW56fz0DicWIGPL05YPeZ5p6Ojal9K7/6q5vLT5cuTjd4fPHtpWXlpYXlpYvrP57Fcpb+TpsAKkPLh3JYGj1m7/w2c1q59Sv8vfXsNqGyA6VtIgXZQhgTnNtaQmWeoSnM0tI82hu0gOv1u668vQY3X7ByXFaQnSrShAIkOoQQKAvWgruCNM93Z8KSIbOrpGxodGxrsaPKLceju7AwTgAiRIpItF2cCc4i6pScLU5UPbyqtbx4s8hUWRzw73tPtENrfsK1P+j8zd8nHLBpGx1p6vkr0QBUhnoACJzCFBAoBd3L3U/YWvcENH1/GWf4ny7O2/S/jdEZVNy/8+ZcAt42E3xEdkFGuxYQAWZQNzirIoO2kLVu3vqc1dIPr7awfd/W5cpPDHj4a+5CeFIuN/T/U2n7Ar4iMyjRokAGRJ+r3svNxs7PtDC9vuiI/IAhIkAGSPURMiY/pxXmitccGiH2fwagBciwQJY7CeJtzwvuoluSeHYz09dDLes3CyzIbI8CmPyuTIJFCAtDsKkMgOEiSQCUMnd3bHfvZ2/7bawdhPw/EyXomEWxEfkTUkSBiGMqTG1xwnIN7u31baeS2Lo4FbBBfN6ERdXhMTBUhbIz4im0iQgNGG97X0SsHyFZHPPBje99slpZ3XVkR9Fq6SgTKkMuXxi4v6Wx1evnRGIidHwoGIj8gyEiSMRBlS7V9v6dq9LvKp2990dE8ur2k6/0W0Z+E6hofIstINInKmaad6E5rp3m1NX4jI5tKE7mpIAdK+iI/IPhIkYCRfc+2g1DQ1l0d7ctETLSM9Hx/yUA5CgMEhcuW+jmdEZKy1trSwvLSwtt0nIs8cDbt3dlTER/siPsIUJEgYzNVlyKmTZ3tlzfFDnhjPz89blM3hwBaMDZFlr/V07N4Q+Aks2rz76MBrCRUgYVPER5iFe9IARrnd39Q8ubx5d5nZA4HdpHC7mrxNx8c3RX1mQdmmfWWb9iU1AAqQNkV8hImoQcJ47ixDPuh6pfPairqWHfPNHgnsiP19ANgLCRIZ4boQOXXyWMvVgqb3KpnjiFSZFSIpQNoUBUiYiy42YIAHl85NikhLaXVLyOODO3MHpaZpIubMSEAvhXY23In4CNNRg0SmuK4MCRghy5VICpB2RHyEFVCDBAwwv/aLntqQRx50bWhoubrm+PQOFtYgSVQiEQfxERZBDRIZRBkSSE12KpEUIG2H+AjrIEEiswiRQGpYnY0wxEdYSg4/jsi0nJycnolps0cB2FJ1xtrZFCDthfgIqyFBIhsIkUDKlCq+sTmS+GgvxEdYECtpAMDSlH99sbbGtYiPsCbmQSIbmA0JpMnAaZEUIG2E+AjLoouN7KGXDaQp/WmRxEe7eKhmq4jwdzQsixokANhGmpVI4qNdKKVH4iOsjHmQyJ7Z2VnKkECa2G/c2Sg9wi6oQQKAzaRWiaQAaX2UHmEjJEhkFUtqAEMkGyKJj9bHohnYCytpYAJ62YAhEtwqkvhocXSuYUfMg4QJmBAJGIKtIh2A0iNsihokTEOIBIwSpxhJAdLKiI+wL2qQMA2VSMAoWjFSjL7/ITKH+AhbowYJkxEiAWPp65EUIK2JiY9wAGqQAOAo+nok8dFqyI5wDHbzgcnY3weAS7DdI5yEGiQAOJMy1VioRFoApUc4D/MgYQnMhgQMVL0kV/+7PScnhxBpFrIjnIoECasgRAKGCIuPCoqR2Ud2hLORIGEhhEggTVHjo4YcmTXs1APHYx4kLIQdIoGMUjKNkiOFKJkZlB7hEtQgYTmESCA18QuQkShJGkgJjkJ2hGuQIGFFhEggWcnGRw3rbNJBcIRr0cUGANtLOT4Km/6kim41XI4aJCyKMiSQoHTiox7zIxNB0RFQkCBhXYRIYE5GxUc9omRUFB0BPRIkLI0QCcSRifioR3dbQXYEIpEgYXWESCCqTMdHjWtLkjSsgThYSQMA9pO1+Ci6/KRFSXFumtRSoxAcgbioQcIGKEMCetmMj7E4qTBJagRSQIKEPRAiAYUV4qOeTQuTpEYgTSRI2AYhErBafAxj8TRJagQMRIKEnRAi4WYWj49h9GlSL8vJktQIZAgJEjZDiIQ72Ss+xhErWUry4VKfDmNxxocGWBAJEvZDiITbOCY+xhcnXEblhs8EsCwSJGyJEAn3cEl8BGAvPzJ7AEAqZmdnq5fkmj0KIOOIjwCsiQQJuyJEwvGIjwAsiwQJGyNEwsGIjwCsjHmQsD1l9j3TIuEkxEcAFkeChEOQI+EYxEcA1keChKOwRht2R3wEYAvMg4SjMDMStkZ8BGAX1CDhQFQiYTvKv3z4hQzALkiQcCZCJOyC7AjAjkiQcCxCJKyPtjUAm2IeJByLOZGwOOIjAPsiQcLJCJGwLOIjAFsjQcLhCJGwIOIjALsjQcL5CJGwFOIjAAdgJQ3cgpvWwHQsuwbgGCRIuAs5EqYgOwJwGBIk3IiNfpBNtK0BOA8JEi5FMRLZQXwE4EgkSLgaORIZRXwE4FQkSICmNjKC+AjAwUiQgAjFSBiN+AjA2UiQQBA5Eulj2TUANyBBAuFoaiM1ZEcA7kGCBKIgRCIpZEcAbkOCBKKjo41EkB0BuBMJEoiHYiRiITsCcDMSJDAHipEIQ3YEABIkkBByJITsCAABJEggCeRIN2OLRwDQkCCBpJEj3YbSIwCEIUECKSJHugHZEQCiIkECaSFHOhXZEQDiIEECBiBHOgnZEQDmRIIEDKPkSCFK2pMSHIXsCAAJIEECxqMkaSMERwBIAQkSyBRKkhZHtxoAUkaCBDKOkqTVkB0BIE0kSCBLKElaAdkRAAxBggSyjZKkKciOAGAgEiRgDkqSWUN2BADDkSABkxElDactr1bwWw4ADEeCBKyCKJkOfWrk1xoAZBoJErAcJkomhSY1AGQfCRKwKK0kKaTJUDSpAcB0JEjABvRpUuGqTElkBACrIUECthSWKZ0XKJnXCABWRoIEnMAxRUruUg0AtkCCBJzJspkyrCUdht9IAGALJEjALUxpfEfmRX7nAIADkCABl4osUmYCv2EAwJFIkAAAAEjOj8weAAAAAGyGBAkAAIDkkCABAACQHBIkAAAAkvP/ABqaW5afApPrAAAAAElFTkSuQmCC\" />

<!-- rnb-plot-end -->
"
